,id,published,updated,version,primary_category,all_categories,arxiv_path,http_link
0,9809006,1998-09-02T17:11:54Z,1998-09-02T17:11:54Z,1,cs.OS,"['cs.OS', 'cs.DC', 'C.4; C.5;D.4.5']",cs/pdf/9809/9809006v1.pdf,http://export.arxiv.org/pdf/cs/9809006v1.pdf
1,9812011,1998-12-10T16:49:04Z,1998-12-10T16:49:04Z,1,cs.OS,"['cs.OS', 'cs.DC', 'H.2.4']",cs/pdf/9812/9812011v1.pdf,http://export.arxiv.org/pdf/cs/9812011v1.pdf
2,9905002,1999-05-05T01:43:13Z,1999-05-05T01:43:13Z,1,cs.PL,"['cs.PL', 'cs.DC', 'cs.OS', 'A.1;D.1.1;D.1.3;D.1.4;D.2.3;D.2.11;D.3.2;D.3.3;D.3.4;D.4.1;D.4.5;\n  D.4.7;E.1;F.1.2;F.3.3']",cs/pdf/9905/9905002v1.pdf,http://export.arxiv.org/pdf/cs/9905002v1.pdf
3,9908002,1999-08-03T14:50:09Z,1999-08-03T14:50:09Z,1,cs.PL,"['cs.PL', 'cs.DC', 'cs.OS', 'A.1;D.1.1;D.1.3;D.1.4;D.2.11;D.3.2;D.3.3;D.3.4;D.4.5;D.4.7;E.1;F.1.2']",cs/pdf/9908/9908002v1.pdf,http://export.arxiv.org/pdf/cs/9908002v1.pdf
4,0104012,2001-04-07T17:17:14Z,2001-04-07T17:17:14Z,1,cs.NI,"['cs.NI', 'cs.OS', 'D.4.4']",cs/pdf/0104/0104012v1.pdf,http://export.arxiv.org/pdf/cs/0104012v1.pdf
5,0111035,2001-11-10T03:30:11Z,2001-11-10T03:30:11Z,1,cs.OS,"['cs.OS', 'D.4']",cs/pdf/0111/0111035v1.pdf,http://export.arxiv.org/pdf/cs/0111035v1.pdf
6,0403007,2004-03-06T02:52:17Z,2004-03-06T02:52:17Z,1,cs.OS,"['cs.OS', 'cs.AR', 'cs.NI', 'D.4.5']",cs/pdf/0403/0403007v1.pdf,http://export.arxiv.org/pdf/cs/0403007v1.pdf
7,0403013,2004-03-11T04:01:51Z,2004-03-11T04:01:51Z,1,cs.OS,"['cs.OS', 'cs.DC', 'D.4.7']",cs/pdf/0403/0403013v1.pdf,http://export.arxiv.org/pdf/cs/0403013v1.pdf
8,0406005,2004-06-02T21:54:50Z,2004-10-12T05:43:58Z,3,cs.OS,"['cs.OS', 'cs.DC', 'D.4.0']",cs/pdf/0406/0406005v3.pdf,http://export.arxiv.org/pdf/cs/0406005v3.pdf
9,0409034,2004-09-17T21:51:24Z,2004-09-17T21:51:24Z,1,cs.OS,"['cs.OS', 'cs.CR', 'D.4.3;D.4.6;K.6.5']",cs/pdf/0409/0409034v1.pdf,http://export.arxiv.org/pdf/cs/0409034v1.pdf
10,0502027,2005-02-04T22:48:31Z,2005-02-04T22:48:31Z,1,cs.OS,"['cs.OS', 'D.4.0; D.4.7; K.6.0']",cs/pdf/0502/0502027v1.pdf,http://export.arxiv.org/pdf/cs/0502027v1.pdf
11,0502090,2005-02-24T14:13:56Z,2005-02-24T14:13:56Z,1,cs.DC,"['cs.DC', 'cs.OS']",cs/pdf/0502/0502090v1.pdf,http://export.arxiv.org/pdf/cs/0502090v1.pdf
12,0504051,2005-04-13T16:37:59Z,2005-04-13T16:37:59Z,1,cs.DC,"['cs.DC', 'cs.DB', 'cs.NI', 'cs.OS', 'cs.PL']",cs/pdf/0504/0504051v1.pdf,http://export.arxiv.org/pdf/cs/0504051v1.pdf
13,0507073,2005-07-29T19:33:13Z,2005-07-29T19:33:13Z,1,cs.PF,"['cs.PF', 'cs.OS']",cs/pdf/0507/0507073v1.pdf,http://export.arxiv.org/pdf/cs/0507073v1.pdf
14,0508130,2005-08-31T01:44:35Z,2005-08-31T01:44:35Z,1,cs.DL,"['cs.DL', 'cs.DB', 'cs.OS']",cs/pdf/0508/0508130v1.pdf,http://export.arxiv.org/pdf/cs/0508130v1.pdf
15,0511010,2005-11-02T19:52:58Z,2005-11-02T19:52:58Z,1,cs.OS,"['cs.OS', 'D.4.m']",cs/pdf/0511/0511010v1.pdf,http://export.arxiv.org/pdf/cs/0511010v1.pdf
16,0603021,2006-03-06T00:46:09Z,2006-03-06T00:46:09Z,1,cs.PL,"['cs.PL', 'cs.OS', 'cs.SE']",cs/pdf/0603/0603021v1.pdf,http://export.arxiv.org/pdf/cs/0603021v1.pdf
17,0603075,2006-03-18T17:11:04Z,2006-03-18T17:11:04Z,1,cs.NI,"['cs.NI', 'cs.OS', 'C.2.1; C.2.2']",cs/pdf/0603/0603075v1.pdf,http://export.arxiv.org/pdf/cs/0603075v1.pdf
18,0603076,2006-03-18T17:27:22Z,2006-03-18T17:27:22Z,1,cs.NI,"['cs.NI', 'cs.DC', 'cs.OS', 'C.2.1; C.2.2']",cs/pdf/0603/0603076v1.pdf,http://export.arxiv.org/pdf/cs/0603076v1.pdf
19,0607049,2006-07-11T18:54:21Z,2006-08-01T07:04:20Z,2,cs.CR,"['cs.CR', 'cs.OS']",cs/pdf/0607/0607049v2.pdf,http://export.arxiv.org/pdf/cs/0607049v2.pdf
20,0705.2786,2007-05-19T00:02:24Z,2007-05-19T00:02:24Z,1,cs.OS,"['cs.OS', 'cs.CR']",arxiv/pdf/0705/0705.2786v1.pdf,http://export.arxiv.org/pdf/0705.2786v1.pdf
21,0706.3812,2007-06-26T12:36:37Z,2007-07-27T13:50:46Z,3,cs.CR,"['cs.CR', 'cs.OS']",arxiv/pdf/0706/0706.3812v3.pdf,http://export.arxiv.org/pdf/0706.3812v3.pdf
22,0803.2365,2008-03-16T18:24:13Z,2008-03-16T18:24:13Z,1,cs.OS,"['cs.OS', 'cs.CR', 'cs.DC', 'cs.NI', 'cs.PF', 'D.4.6; D.4.2; C.2.4']",arxiv/pdf/0803/0803.2365v1.pdf,http://export.arxiv.org/pdf/0803.2365v1.pdf
23,0803.3230,2008-03-21T21:28:16Z,2008-05-08T02:55:57Z,2,cs.CR,"['cs.CR', 'cs.OS', 'cs.PL', 'D.4.6; D.2.4; F.3.1']",arxiv/pdf/0803/0803.3230v2.pdf,http://export.arxiv.org/pdf/0803.3230v2.pdf
24,0805.3237,2008-05-21T09:38:15Z,2008-05-21T09:38:15Z,1,cs.OS,['cs.OS'],arxiv/pdf/0805/0805.3237v1.pdf,http://export.arxiv.org/pdf/0805.3237v1.pdf
25,0805.4680,2008-05-30T07:01:51Z,2008-06-10T07:13:01Z,3,cs.OS,"['cs.OS', 'cs.DC']",arxiv/pdf/0805/0805.4680v3.pdf,http://export.arxiv.org/pdf/0805.4680v3.pdf
26,0806.1381,2008-06-09T07:23:28Z,2008-06-09T07:23:28Z,1,cs.OS,"['cs.OS', 'D.4.1; C.3']",arxiv/pdf/0806/0806.1381v1.pdf,http://export.arxiv.org/pdf/0806.1381v1.pdf
27,0806.1768,2008-06-11T00:03:00Z,2008-06-11T00:03:00Z,1,cs.OS,"['cs.OS', 'cs.DC', 'C.2.4; D.1.3; C.3']",arxiv/pdf/0806/0806.1768v1.pdf,http://export.arxiv.org/pdf/0806.1768v1.pdf
28,0807.3933,2008-07-24T17:51:07Z,2008-07-24T17:51:07Z,1,cs.OS,"['cs.OS', 'cs.SE']",arxiv/pdf/0807/0807.3933v1.pdf,http://export.arxiv.org/pdf/0807.3933v1.pdf
29,0809.4082,2008-09-24T06:10:39Z,2008-09-24T06:10:39Z,1,cs.OS,"['cs.OS', 'D.4.1']",arxiv/pdf/0809/0809.4082v1.pdf,http://export.arxiv.org/pdf/0809.4082v1.pdf
30,0810.1316,2008-10-07T23:03:29Z,2008-10-07T23:03:29Z,1,cs.DM,"['cs.DM', 'cs.OS']",arxiv/pdf/0810/0810.1316v1.pdf,http://export.arxiv.org/pdf/0810.1316v1.pdf
31,0903.2525,2009-03-14T04:28:55Z,2009-03-14T04:28:55Z,1,cs.DC,"['cs.DC', 'cs.OS', 'cs.SE', 'C.2.4']",arxiv/pdf/0903/0903.2525v1.pdf,http://export.arxiv.org/pdf/0903.2525v1.pdf
32,0907.4622,2009-07-26T02:19:42Z,2009-07-26T02:19:42Z,1,cs.DC,"['cs.DC', 'cs.CE', 'cs.NI', 'cs.OS', 'cs.PL', 'cs.SE', 'C.1.4; C.2.4']",arxiv/pdf/0907/0907.4622v1.pdf,http://export.arxiv.org/pdf/0907.4622v1.pdf
33,0909.1763,2009-09-09T18:09:06Z,2009-09-09T18:09:06Z,1,cs.DB,"['cs.DB', 'cs.OS']",arxiv/pdf/0909/0909.1763v1.pdf,http://export.arxiv.org/pdf/0909.1763v1.pdf
34,0912.0926,2009-12-04T20:10:12Z,2010-02-01T16:27:48Z,2,cs.OS,"['cs.OS', 'C.1.4; D.1.3; D.3.3']",arxiv/pdf/0912/0912.0926v2.pdf,http://export.arxiv.org/pdf/0912.0926v2.pdf
35,1001.0196,2010-01-01T00:34:59Z,2010-01-01T00:34:59Z,1,cs.DC,"['cs.DC', 'cs.OS', 'C.2.4; D.4.3']",arxiv/pdf/1001/1001.0196v1.pdf,http://export.arxiv.org/pdf/1001.0196v1.pdf
36,1001.3727,2010-01-21T06:02:41Z,2010-01-21T06:02:41Z,1,cs.OS,['cs.OS'],arxiv/pdf/1001/1001.3727v1.pdf,http://export.arxiv.org/pdf/1001.3727v1.pdf
37,1002.0298,2010-02-01T18:31:06Z,2010-02-01T18:31:06Z,1,cs.CR,"['cs.CR', 'cs.OS', 'D.4.6']",arxiv/pdf/1002/1002.0298v1.pdf,http://export.arxiv.org/pdf/1002.0298v1.pdf
38,1003.5303,2010-03-27T14:44:01Z,2010-07-25T15:40:38Z,2,cs.OS,"['cs.OS', 'cs.CR']",arxiv/pdf/1003/1003.5303v2.pdf,http://export.arxiv.org/pdf/1003.5303v2.pdf
39,1005.3450,2010-05-19T14:17:56Z,2010-05-19T14:17:56Z,1,cs.OS,"['cs.OS', 'cs.DC']",arxiv/pdf/1005/1005.3450v1.pdf,http://export.arxiv.org/pdf/1005.3450v1.pdf
40,1006.5845,2010-06-30T13:01:58Z,2010-06-30T13:01:58Z,1,cs.OS,"['cs.OS', 'cs.SE', 'D.2.5; D.4.9']",arxiv/pdf/1006/1006.5845v1.pdf,http://export.arxiv.org/pdf/1006.5845v1.pdf
41,1009.3088,2010-09-16T04:43:46Z,2010-09-26T01:40:36Z,2,cs.DC,"['cs.DC', 'cs.OS', 'C.2.4']",arxiv/pdf/1009/1009.3088v2.pdf,http://export.arxiv.org/pdf/1009.3088v2.pdf
42,1011.1735,2010-11-08T09:07:54Z,2010-11-08T09:07:54Z,1,cs.OS,['cs.OS'],arxiv/pdf/1011/1011.1735v1.pdf,http://export.arxiv.org/pdf/1011.1735v1.pdf
43,1012.3071,2010-12-14T16:10:08Z,2010-12-14T16:10:08Z,1,cs.NI,"['cs.NI', 'cs.OS']",arxiv/pdf/1012/1012.3071v1.pdf,http://export.arxiv.org/pdf/1012.3071v1.pdf
44,1012.3452,2010-12-15T20:38:40Z,2010-12-15T20:38:40Z,1,cs.OS,['cs.OS'],arxiv/pdf/1012/1012.3452v1.pdf,http://export.arxiv.org/pdf/1012.3452v1.pdf
45,1103.1717,2011-03-09T07:25:00Z,2011-03-09T07:25:00Z,1,cs.OS,['cs.OS'],arxiv/pdf/1103/1103.1717v1.pdf,http://export.arxiv.org/pdf/1103.1717v1.pdf
46,1103.3831,2011-03-20T06:45:16Z,2011-03-20T06:45:16Z,1,cs.OS,['cs.OS'],arxiv/pdf/1103/1103.3831v1.pdf,http://export.arxiv.org/pdf/1103.3831v1.pdf
47,1105.1815,2011-05-09T22:39:46Z,2011-05-09T22:39:46Z,1,cs.OS,"['cs.OS', 'cs.PF', 'C.4; D.4.2']",arxiv/pdf/1105/1105.1815v1.pdf,http://export.arxiv.org/pdf/1105.1815v1.pdf
48,1107.4786,2011-07-24T19:39:02Z,2011-07-24T19:39:02Z,1,cs.OS,['cs.OS'],arxiv/pdf/1107/1107.4786v1.pdf,http://export.arxiv.org/pdf/1107.4786v1.pdf
49,1112.5136,2011-12-21T19:02:12Z,2011-12-21T19:02:12Z,1,cs.OS,['cs.OS'],arxiv/pdf/1112/1112.5136v1.pdf,http://export.arxiv.org/pdf/1112.5136v1.pdf
50,1202.5282,2012-02-23T20:12:00Z,2012-06-02T15:56:26Z,2,cs.CR,"['cs.CR', 'cs.OS']",arxiv/pdf/1202/1202.5282v2.pdf,http://export.arxiv.org/pdf/1202.5282v2.pdf
51,1204.0197,2012-04-01T11:05:34Z,2012-04-01T11:05:34Z,1,cs.OS,['cs.OS'],arxiv/pdf/1204/1204.0197v1.pdf,http://export.arxiv.org/pdf/1204.0197v1.pdf
52,1206.6213,2012-06-27T09:33:06Z,2012-06-27T09:33:06Z,1,cs.AR,"['cs.AR', 'cs.OS']",arxiv/pdf/1206/1206.6213v1.pdf,http://export.arxiv.org/pdf/1206.6213v1.pdf
53,1207.1591,2012-07-06T11:48:24Z,2012-07-06T11:48:24Z,1,cs.OS,['cs.OS'],arxiv/pdf/1207/1207.1591v1.pdf,http://export.arxiv.org/pdf/1207.1591v1.pdf
54,1208.6406,2012-08-31T06:53:14Z,2012-08-31T06:53:14Z,1,cs.OS,"['cs.OS', 'cs.DC']",arxiv/pdf/1208/1208.6406v1.pdf,http://export.arxiv.org/pdf/1208.6406v1.pdf
55,1208.6428,2012-08-31T09:04:05Z,2012-08-31T09:04:05Z,1,cs.OS,"['cs.OS', 'cs.AR', 'cs.PF']",arxiv/pdf/1208/1208.6428v1.pdf,http://export.arxiv.org/pdf/1208.6428v1.pdf
56,1209.0687,2012-09-04T16:16:20Z,2012-09-04T16:16:20Z,1,cs.CR,"['cs.CR', 'cs.OS', 'D.4.2; C.1.3']",arxiv/pdf/1209/1209.0687v1.pdf,http://export.arxiv.org/pdf/1209.0687v1.pdf
57,1209.4600,2012-09-19T03:59:12Z,2012-09-19T03:59:12Z,1,cs.OS,['cs.OS'],arxiv/pdf/1209/1209.4600v1.pdf,http://export.arxiv.org/pdf/1209.4600v1.pdf
58,1210.2882,2012-10-10T12:13:30Z,2012-10-10T12:13:30Z,1,cs.SY,"['cs.SY', 'cs.OS']",arxiv/pdf/1210/1210.2882v1.pdf,http://export.arxiv.org/pdf/1210.2882v1.pdf
59,1211.4840,2012-11-20T19:38:00Z,2012-11-20T19:38:00Z,1,cs.OS,['cs.OS'],arxiv/pdf/1211/1211.4840v1.pdf,http://export.arxiv.org/pdf/1211.4840v1.pdf
60,1211.6190,2012-11-27T02:36:45Z,2012-11-27T02:36:45Z,1,cs.LO,"['cs.LO', 'cs.OS', 'cs.PL']",arxiv/pdf/1211/1211.6190v1.pdf,http://export.arxiv.org/pdf/1211.6190v1.pdf
61,1211.6196,2012-11-27T02:37:28Z,2012-11-27T02:37:28Z,1,cs.LO,"['cs.LO', 'cs.OS']",arxiv/pdf/1211/1211.6196v1.pdf,http://export.arxiv.org/pdf/1211.6196v1.pdf
62,1212.1787,2012-12-08T12:56:49Z,2012-12-08T12:56:49Z,1,cs.OS,['cs.OS'],arxiv/pdf/1212/1212.1787v1.pdf,http://export.arxiv.org/pdf/1212.1787v1.pdf
63,1212.3502,2012-12-14T15:33:45Z,2012-12-14T15:33:45Z,1,cs.OS,['cs.OS'],arxiv/pdf/1212/1212.3502v1.pdf,http://export.arxiv.org/pdf/1212.3502v1.pdf
64,1212.6354,2012-12-27T11:55:43Z,2012-12-27T11:55:43Z,1,cs.NI,"['cs.NI', 'cs.OS']",arxiv/pdf/1212/1212.6354v1.pdf,http://export.arxiv.org/pdf/1212.6354v1.pdf
65,1301.4800,2013-01-21T10:00:22Z,2013-01-21T10:00:22Z,1,cs.OS,"['cs.OS', 'cs.DC']",arxiv/pdf/1301/1301.4800v1.pdf,http://export.arxiv.org/pdf/1301.4800v1.pdf
66,1302.5502,2013-02-22T07:32:48Z,2013-02-22T07:32:48Z,1,cs.OS,['cs.OS'],arxiv/pdf/1302/1302.5502v1.pdf,http://export.arxiv.org/pdf/1302.5502v1.pdf
67,1302.5521,2013-02-22T09:01:24Z,2013-02-22T09:01:24Z,1,cs.RO,"['cs.RO', 'cs.OS', 'cs.PL', 'cs.SE']",arxiv/pdf/1302/1302.5521v1.pdf,http://export.arxiv.org/pdf/1302.5521v1.pdf
68,1304.3557,2013-04-12T07:33:42Z,2013-04-12T07:33:42Z,1,cs.OS,['cs.OS'],arxiv/pdf/1304/1304.3557v1.pdf,http://export.arxiv.org/pdf/1304.3557v1.pdf
69,1304.6007,2013-04-22T16:23:24Z,2013-04-22T16:23:24Z,1,cs.DS,"['cs.DS', 'cs.OS', 'cs.PF']",arxiv/pdf/1304/1304.6007v1.pdf,http://export.arxiv.org/pdf/1304.6007v1.pdf
70,1304.6067,2013-04-22T19:29:05Z,2013-04-22T19:29:05Z,1,cs.OS,['cs.OS'],arxiv/pdf/1304/1304.6067v1.pdf,http://export.arxiv.org/pdf/1304.6067v1.pdf
71,1305.1459,2013-05-07T10:22:31Z,2013-05-07T10:22:31Z,1,cs.DC,"['cs.DC', 'cs.AR', 'cs.NE', 'cs.OS', 'cs.PL', 'C.1.4; C.3; B.7.2; F.2.2']",arxiv/pdf/1305/1305.1459v1.pdf,http://export.arxiv.org/pdf/1305.1459v1.pdf
72,1305.2553,2013-05-12T02:44:15Z,2013-05-12T02:44:15Z,1,cs.OS,"['cs.OS', 'cs.CR', 'D.4.6']",arxiv/pdf/1305/1305.2553v1.pdf,http://export.arxiv.org/pdf/1305.2553v1.pdf
73,1306.0846,2013-06-04T16:27:30Z,2013-06-04T16:27:30Z,1,cs.DC,"['cs.DC', 'cs.OS']",arxiv/pdf/1306/1306.0846v1.pdf,http://export.arxiv.org/pdf/1306.0846v1.pdf
74,1309.1714,2013-09-06T18:14:04Z,2013-09-06T18:14:04Z,1,cs.OS,"['cs.OS', 'cs.PF']",arxiv/pdf/1309/1309.1714v1.pdf,http://export.arxiv.org/pdf/1309.1714v1.pdf
75,1310.0901,2013-10-03T05:51:48Z,2013-10-03T05:51:48Z,1,cs.SE,"['cs.SE', 'cs.OS', 'cs.PL']",arxiv/pdf/1310/1310.0901v1.pdf,http://export.arxiv.org/pdf/1310.0901v1.pdf
76,1310.2148,2013-10-03T22:49:06Z,2013-10-03T22:49:06Z,1,cs.DC,"['cs.DC', 'cs.OS']",arxiv/pdf/1310/1310.2148v1.pdf,http://export.arxiv.org/pdf/1310.2148v1.pdf
77,1310.1588,2013-10-06T14:27:59Z,2013-10-06T14:27:59Z,1,cs.OS,"['cs.OS', 'cs.SE']",arxiv/pdf/1310/1310.1588v1.pdf,http://export.arxiv.org/pdf/1310.1588v1.pdf
78,1310.6301,2013-10-23T17:29:42Z,2013-10-23T17:29:42Z,1,cs.OS,['cs.OS'],arxiv/pdf/1310/1310.6301v1.pdf,http://export.arxiv.org/pdf/1310.6301v1.pdf
79,1310.6349,2013-10-23T17:35:03Z,2013-10-23T17:35:03Z,1,cs.OS,['cs.OS'],arxiv/pdf/1310/1310.6349v1.pdf,http://export.arxiv.org/pdf/1310.6349v1.pdf
80,1311.2362,2013-11-11T06:21:29Z,2013-11-11T06:21:29Z,1,cs.LO,"['cs.LO', 'cs.CR', 'cs.OS', 'F.3.1; D.4.6']",arxiv/pdf/1311/1311.2362v1.pdf,http://export.arxiv.org/pdf/1311.2362v1.pdf
81,1311.3686,2013-11-13T10:53:02Z,2013-11-13T10:53:02Z,1,cs.OS,"['cs.OS', 'cs.CR', 'cs.PF']",arxiv/pdf/1311/1311.3686v1.pdf,http://export.arxiv.org/pdf/1311.3686v1.pdf
82,1312.1810,2013-12-06T09:18:04Z,2013-12-06T09:18:04Z,1,cs.OS,['cs.OS'],arxiv/pdf/1312/1312.1810v1.pdf,http://export.arxiv.org/pdf/1312.1810v1.pdf
83,1312.3665,2013-12-12T22:38:08Z,2014-05-05T16:05:35Z,2,cs.OS,"['cs.OS', 'cs.CR']",arxiv/pdf/1312/1312.3665v2.pdf,http://export.arxiv.org/pdf/1312.3665v2.pdf
84,1402.0631,2014-02-04T06:26:34Z,2014-02-04T06:26:34Z,1,cs.OS,['cs.OS'],arxiv/pdf/1402/1402.0631v1.pdf,http://export.arxiv.org/pdf/1402.0631v1.pdf
85,1402.4929,2014-02-20T08:33:02Z,2014-02-20T08:33:02Z,1,cs.OS,['cs.OS'],arxiv/pdf/1402/1402.4929v1.pdf,http://export.arxiv.org/pdf/1402.4929v1.pdf
86,1403.0334,2014-03-03T08:13:29Z,2014-03-03T08:13:29Z,1,cs.OS,['cs.OS'],arxiv/pdf/1403/1403.0334v1.pdf,http://export.arxiv.org/pdf/1403.0334v1.pdf
87,1403.0335,2014-03-03T08:27:29Z,2014-03-03T08:27:29Z,1,cs.OS,['cs.OS'],arxiv/pdf/1403/1403.0335v1.pdf,http://export.arxiv.org/pdf/1403.0335v1.pdf
88,1403.1165,2014-03-05T15:43:57Z,2014-03-05T15:43:57Z,1,cs.CR,"['cs.CR', 'cs.OS', 'cs.SD']",arxiv/pdf/1403/1403.1165v1.pdf,http://export.arxiv.org/pdf/1403.1165v1.pdf
89,1403.5010,2014-03-20T00:34:00Z,2014-03-20T00:34:00Z,1,cs.OS,['cs.OS'],arxiv/pdf/1403/1403.5010v1.pdf,http://export.arxiv.org/pdf/1403.5010v1.pdf
90,1405.5651,2014-05-22T07:52:45Z,2014-05-22T07:52:45Z,1,cs.OS,"['cs.OS', 'cs.CR']",arxiv/pdf/1405/1405.5651v1.pdf,http://export.arxiv.org/pdf/1405.5651v1.pdf
91,1406.5569,2014-06-21T02:04:56Z,2014-06-21T02:04:56Z,1,cs.CR,"['cs.CR', 'cs.NI', 'cs.OS', 'cs.SE', 'D.4.6; K.6.5; E.3; D.2.7']",arxiv/pdf/1406/1406.5569v1.pdf,http://export.arxiv.org/pdf/1406.5569v1.pdf
92,1407.0122,2014-07-01T07:23:10Z,2014-07-01T07:23:10Z,1,cs.OS,"['cs.OS', 'cs.DC']",arxiv/pdf/1407/1407.0122v1.pdf,http://export.arxiv.org/pdf/1407.0122v1.pdf
93,1407.4245,2014-07-16T10:03:51Z,2014-07-16T10:03:51Z,1,cs.CR,"['cs.CR', 'cs.DC', 'cs.OS']",arxiv/pdf/1407/1407.4245v1.pdf,http://export.arxiv.org/pdf/1407.4245v1.pdf
94,1407.4346,2014-07-16T15:35:47Z,2014-07-16T15:35:47Z,1,cs.SE,"['cs.SE', 'cs.OS']",arxiv/pdf/1407/1407.4346v1.pdf,http://export.arxiv.org/pdf/1407.4346v1.pdf
95,1408.0990,2014-08-02T19:56:24Z,2014-08-02T19:56:24Z,1,cs.OS,"['cs.OS', '68U20', 'D.3.2']",arxiv/pdf/1408/1408.0990v1.pdf,http://export.arxiv.org/pdf/1408.0990v1.pdf
96,1410.7747,2014-10-28T19:20:34Z,2014-10-28T19:20:34Z,1,cs.CR,"['cs.CR', 'cs.OS']",arxiv/pdf/1410/1410.7747v1.pdf,http://export.arxiv.org/pdf/1410.7747v1.pdf
97,1410.7754,2014-10-28T19:23:26Z,2014-10-28T19:23:26Z,1,cs.CR,"['cs.CR', 'cs.OS']",arxiv/pdf/1410/1410.7754v1.pdf,http://export.arxiv.org/pdf/1410.7754v1.pdf
98,1411.3777,2014-11-14T02:30:08Z,2014-11-14T02:30:08Z,1,cs.OS,['cs.OS'],arxiv/pdf/1411/1411.3777v1.pdf,http://export.arxiv.org/pdf/1411.3777v1.pdf
99,1504.02517,2015-04-09T23:17:01Z,2015-04-13T13:39:37Z,2,cs.OS,['cs.OS'],arxiv/pdf/1504/1504.02517v2.pdf,http://export.arxiv.org/pdf/1504.02517v2.pdf
100,1504.04640,2015-04-17T21:13:07Z,2015-04-29T20:05:56Z,2,cs.OS,"['cs.OS', 'D.1.3']",arxiv/pdf/1504/1504.04640v2.pdf,http://export.arxiv.org/pdf/1504.04640v2.pdf
101,1504.07070,2015-04-27T13:08:26Z,2016-05-30T13:35:25Z,2,cs.OS,['cs.OS'],arxiv/pdf/1504/1504.07070v2.pdf,http://export.arxiv.org/pdf/1504.07070v2.pdf
102,1504.07481,2015-04-28T14:05:59Z,2015-04-28T14:05:59Z,1,cs.OS,"['cs.OS', 'cs.DC']",arxiv/pdf/1504/1504.07481v1.pdf,http://export.arxiv.org/pdf/1504.07481v1.pdf
103,1505.05269,2015-05-20T07:47:20Z,2015-05-20T07:47:20Z,1,cs.OS,['cs.OS'],arxiv/pdf/1505/1505.05269v1.pdf,http://export.arxiv.org/pdf/1505.05269v1.pdf
104,1506.01449,2015-06-04T02:11:27Z,2016-06-29T20:42:04Z,4,cs.OS,"['cs.OS', 'cs.CR']",arxiv/pdf/1506/1506.01449v4.pdf,http://export.arxiv.org/pdf/1506.01449v4.pdf
105,1508.05228,2015-08-21T09:59:27Z,2015-08-21T09:59:27Z,1,cs.CR,"['cs.CR', 'cs.OS']",arxiv/pdf/1508/1508.05228v1.pdf,http://export.arxiv.org/pdf/1508.05228v1.pdf
106,1508.06367,2015-08-26T05:20:50Z,2016-09-22T10:38:29Z,2,cs.OS,['cs.OS'],arxiv/pdf/1508/1508.06367v2.pdf,http://export.arxiv.org/pdf/1508.06367v2.pdf
107,1510.02552,2015-10-09T02:58:40Z,2015-10-09T02:58:40Z,1,cs.OS,['cs.OS'],arxiv/pdf/1510/1510.02552v1.pdf,http://export.arxiv.org/pdf/1510.02552v1.pdf
108,1511.02498,2015-11-08T15:44:59Z,2015-11-08T15:44:59Z,1,cs.OS,['cs.OS'],arxiv/pdf/1511/1511.02498v1.pdf,http://export.arxiv.org/pdf/1511.02498v1.pdf
109,1512.01978,2015-12-07T11:05:05Z,2015-12-07T11:05:05Z,1,cs.OS,['cs.OS'],arxiv/pdf/1512/1512.01978v1.pdf,http://export.arxiv.org/pdf/1512.01978v1.pdf
110,1512.01984,2015-12-07T11:16:43Z,2016-03-10T11:04:54Z,2,cs.OS,['cs.OS'],arxiv/pdf/1512/1512.01984v2.pdf,http://export.arxiv.org/pdf/1512.01984v2.pdf
111,1512.07351,2015-12-23T04:39:00Z,2015-12-23T04:39:00Z,1,cs.OS,"['cs.OS', 'C.3']",arxiv/pdf/1512/1512.07351v1.pdf,http://export.arxiv.org/pdf/1512.07351v1.pdf
112,1512.07654,2015-12-23T22:41:04Z,2016-03-12T18:13:31Z,3,cs.OS,['cs.OS'],arxiv/pdf/1512/1512.07654v3.pdf,http://export.arxiv.org/pdf/1512.07654v3.pdf
113,1601.03027,2016-01-12T20:46:07Z,2016-01-12T20:46:07Z,1,cs.CR,"['cs.CR', 'cs.OS', 'C.2.0; C.3; C.5.3; D.2.7; D.4.6']",arxiv/pdf/1601/1601.03027v1.pdf,http://export.arxiv.org/pdf/1601.03027v1.pdf
114,1601.05851,2016-01-22T01:22:53Z,2016-01-22T01:22:53Z,1,cs.OS,"['cs.OS', 'cs.CR']",arxiv/pdf/1601/1601.05851v1.pdf,http://export.arxiv.org/pdf/1601.05851v1.pdf
115,1603.03635,2016-03-11T14:10:18Z,2016-03-11T14:10:18Z,1,cs.CY,"['cs.CY', 'cs.NI', 'cs.OS']",arxiv/pdf/1603/1603.03635v1.pdf,http://export.arxiv.org/pdf/1603.03635v1.pdf
116,1604.00320,2016-04-01T16:32:47Z,2016-04-01T16:32:47Z,1,cs.CR,"['cs.CR', 'cs.OS']",arxiv/pdf/1604/1604.00320v1.pdf,http://export.arxiv.org/pdf/1604.00320v1.pdf
117,1604.01378,2016-04-05T19:33:27Z,2017-10-26T03:27:40Z,5,cs.OS,"['cs.OS', 'D.4.0; D.4.6; D.4.7']",arxiv/pdf/1604/1604.01378v5.pdf,http://export.arxiv.org/pdf/1604.01378v5.pdf
118,1604.02171,2016-04-07T20:38:51Z,2016-04-07T20:38:51Z,1,cs.OS,['cs.OS'],arxiv/pdf/1604/1604.02171v1.pdf,http://export.arxiv.org/pdf/1604.02171v1.pdf
119,1604.07371,2016-04-25T19:20:18Z,2016-04-25T19:20:18Z,1,cs.DC,"['cs.DC', 'cs.DB', 'cs.OS', 'cs.PF', 'cs.SY']",arxiv/pdf/1604/1604.07371v1.pdf,http://export.arxiv.org/pdf/1604.07371v1.pdf
120,1605.00362,2016-05-02T06:24:43Z,2016-05-02T06:24:43Z,1,cs.OS,['cs.OS'],arxiv/pdf/1605/1605.00362v1.pdf,http://export.arxiv.org/pdf/1605.00362v1.pdf
121,1605.01168,2016-05-04T07:36:46Z,2016-05-04T07:36:46Z,1,cs.OS,['cs.OS'],arxiv/pdf/1605/1605.01168v1.pdf,http://export.arxiv.org/pdf/1605.01168v1.pdf
122,1606.00111,2016-06-01T04:29:58Z,2016-06-02T05:32:46Z,2,cs.OS,['cs.OS'],arxiv/pdf/1606/1606.00111v2.pdf,http://export.arxiv.org/pdf/1606.00111v2.pdf
123,1608.04303,2016-08-15T15:26:22Z,2016-08-15T15:26:22Z,1,cs.CR,"['cs.CR', 'cs.OS', 'D.4.6']",arxiv/pdf/1608/1608.04303v1.pdf,http://export.arxiv.org/pdf/1608.04303v1.pdf
124,1609.00100,2016-09-01T03:45:39Z,2016-09-03T22:40:31Z,2,cs.CR,"['cs.CR', 'cs.OS']",arxiv/pdf/1609/1609.00100v2.pdf,http://export.arxiv.org/pdf/1609.00100v2.pdf
125,1609.00875,2016-09-03T23:09:11Z,2016-09-03T23:09:11Z,1,cs.OS,['cs.OS'],arxiv/pdf/1609/1609.00875v1.pdf,http://export.arxiv.org/pdf/1609.00875v1.pdf
126,1609.02067,2016-09-07T16:53:40Z,2016-09-07T16:53:40Z,1,cs.AR,"['cs.AR', 'cs.OS']",arxiv/pdf/1609/1609.02067v1.pdf,http://export.arxiv.org/pdf/1609.02067v1.pdf
127,1609.04781,2016-09-15T19:18:12Z,2016-09-15T19:18:12Z,1,cs.OS,['cs.OS'],arxiv/pdf/1609/1609.04781v1.pdf,http://export.arxiv.org/pdf/1609.04781v1.pdf
128,1609.08154,2016-09-26T17:36:18Z,2016-09-26T17:36:18Z,1,cs.OS,['cs.OS'],arxiv/pdf/1609/1609.08154v1.pdf,http://export.arxiv.org/pdf/1609.08154v1.pdf
129,1610.03052,2016-10-10T19:59:32Z,2018-11-22T17:40:49Z,3,cs.LO,"['cs.LO', 'cs.DC', 'cs.OS', 'cs.SE', 'D.2.4; D.1.3']",arxiv/pdf/1610/1610.03052v3.pdf,http://export.arxiv.org/pdf/1610.03052v3.pdf
130,1610.08129,2016-10-26T00:37:34Z,2016-10-26T00:37:34Z,1,cs.OS,['cs.OS'],arxiv/pdf/1610/1610.08129v1.pdf,http://export.arxiv.org/pdf/1610.08129v1.pdf
131,1611.07862,2016-11-23T16:23:40Z,2019-04-29T04:32:16Z,2,cs.OS,"['cs.OS', 'cs.PL']",arxiv/pdf/1611/1611.07862v2.pdf,http://export.arxiv.org/pdf/1611.07862v2.pdf
132,1612.00445,2016-12-01T17:45:18Z,2017-08-21T20:09:02Z,2,cs.AR,"['cs.AR', 'cs.OS']",arxiv/pdf/1612/1612.00445v2.pdf,http://export.arxiv.org/pdf/1612.00445v2.pdf
133,1612.06830,2016-12-20T20:14:35Z,2016-12-20T20:14:35Z,1,cs.OS,['cs.OS'],arxiv/pdf/1612/1612.06830v1.pdf,http://export.arxiv.org/pdf/1612.06830v1.pdf
134,1701.03709,2017-01-13T16:15:53Z,2017-01-13T16:15:53Z,1,cs.DC,"['cs.DC', 'cs.AR', 'cs.OS', '68M20']",arxiv/pdf/1701/1701.03709v1.pdf,http://export.arxiv.org/pdf/1701.03709v1.pdf
135,1702.02588,2017-02-08T19:21:13Z,2017-02-08T19:21:13Z,1,cs.OS,['cs.OS'],arxiv/pdf/1702/1702.02588v1.pdf,http://export.arxiv.org/pdf/1702.02588v1.pdf
136,1704.05600,2017-04-19T03:30:09Z,2017-06-23T02:43:41Z,2,cs.CR,"['cs.CR', 'cs.OS']",arxiv/pdf/1704/1704.05600v2.pdf,http://export.arxiv.org/pdf/1704.05600v2.pdf
137,1704.08876,2017-04-28T11:17:51Z,2017-04-28T11:17:51Z,1,cs.OS,['cs.OS'],arxiv/pdf/1704/1704.08876v1.pdf,http://export.arxiv.org/pdf/1704.08876v1.pdf
138,1705.00138,2017-04-29T06:22:32Z,2017-05-23T19:00:17Z,3,cs.CR,"['cs.CR', 'cs.OS']",arxiv/pdf/1705/1705.00138v3.pdf,http://export.arxiv.org/pdf/1705.00138v3.pdf
139,1705.02561,2017-05-07T04:07:10Z,2017-05-07T04:07:10Z,1,cs.CR,"['cs.CR', 'cs.OS']",arxiv/pdf/1705/1705.02561v1.pdf,http://export.arxiv.org/pdf/1705.02561v1.pdf
140,1705.06932,2017-05-19T11:01:54Z,2017-05-19T11:01:54Z,1,cs.OS,['cs.OS'],arxiv/pdf/1705/1705.06932v1.pdf,http://export.arxiv.org/pdf/1705.06932v1.pdf
141,1705.07400,2017-05-21T05:51:21Z,2017-05-21T05:51:21Z,1,cs.PF,"['cs.PF', 'cs.DC', 'cs.OS']",arxiv/pdf/1705/1705.07400v1.pdf,http://export.arxiv.org/pdf/1705.07400v1.pdf
142,1706.02621,2017-05-26T16:39:55Z,2017-05-26T16:39:55Z,1,cs.OS,"['cs.OS', 'cs.AI']",arxiv/pdf/1706/1706.02621v1.pdf,http://export.arxiv.org/pdf/1706.02621v1.pdf
143,1705.09701,2017-05-26T20:03:18Z,2017-05-26T20:03:18Z,1,cs.OS,['cs.OS'],arxiv/pdf/1705/1705.09701v1.pdf,http://export.arxiv.org/pdf/1705.09701v1.pdf
144,1707.05082,2017-07-17T10:38:13Z,2017-07-18T05:17:14Z,2,cs.CR,"['cs.CR', 'cs.OS', 'D.4.6']",arxiv/pdf/1707/1707.05082v2.pdf,http://export.arxiv.org/pdf/1707.05082v2.pdf
145,1707.05405,2017-07-17T22:26:19Z,2017-07-17T22:26:19Z,1,cs.OS,"['cs.OS', 'cs.PF']",arxiv/pdf/1707/1707.05405v1.pdf,http://export.arxiv.org/pdf/1707.05405v1.pdf
146,1708.06931,2017-08-23T09:31:28Z,2017-08-23T09:31:28Z,1,cs.DC,"['cs.DC', 'cs.OS']",arxiv/pdf/1708/1708.06931v1.pdf,http://export.arxiv.org/pdf/1708.06931v1.pdf
147,1709.02746,2017-09-08T15:29:17Z,2017-09-25T16:10:02Z,2,cs.OS,"['cs.OS', 'cs.CR']",arxiv/pdf/1709/1709.02746v2.pdf,http://export.arxiv.org/pdf/1709.02746v2.pdf
148,1710.03789,2017-10-10T19:10:40Z,2017-10-10T19:10:40Z,1,cs.OS,['cs.OS'],arxiv/pdf/1710/1710.03789v1.pdf,http://export.arxiv.org/pdf/1710.03789v1.pdf
149,1710.06175,2017-10-17T09:07:13Z,2017-10-17T09:07:13Z,1,cs.CR,"['cs.CR', 'cs.OS']",arxiv/pdf/1710/1710.06175v1.pdf,http://export.arxiv.org/pdf/1710.06175v1.pdf
150,1710.08705,2017-10-24T11:14:02Z,2017-10-24T11:14:02Z,1,cs.CR,"['cs.CR', 'cs.OS']",arxiv/pdf/1710/1710.08705v1.pdf,http://export.arxiv.org/pdf/1710.08705v1.pdf
151,1711.04030,2017-11-02T15:45:05Z,2017-11-02T15:45:05Z,1,cs.SE,"['cs.SE', 'cs.LG', 'cs.OS', 'B.8.1; I.5.3']",arxiv/pdf/1711/1711.04030v1.pdf,http://export.arxiv.org/pdf/1711.04030v1.pdf
152,1711.04808,2017-11-13T19:30:22Z,2017-11-13T19:30:22Z,1,cs.CR,"['cs.CR', 'cs.OS']",arxiv/pdf/1711/1711.04808v1.pdf,http://export.arxiv.org/pdf/1711.04808v1.pdf
153,1711.07278,2017-11-20T12:17:23Z,2017-11-20T12:17:23Z,1,cs.CR,"['cs.CR', 'cs.OS']",arxiv/pdf/1711/1711.07278v1.pdf,http://export.arxiv.org/pdf/1711.07278v1.pdf
154,1712.03943,2017-12-11T18:49:08Z,2017-12-19T03:20:19Z,3,cs.CR,"['cs.CR', 'cs.OS']",arxiv/pdf/1712/1712.03943v3.pdf,http://export.arxiv.org/pdf/1712.03943v3.pdf
155,1712.08738,2017-12-23T08:44:28Z,2018-04-27T02:19:42Z,3,cs.PF,"['cs.PF', 'cs.OS']",arxiv/pdf/1712/1712.08738v3.pdf,http://export.arxiv.org/pdf/1712.08738v3.pdf
156,1801.04565,2018-01-14T14:31:46Z,2018-01-14T14:31:46Z,1,cs.CR,"['cs.CR', 'cs.OS']",arxiv/pdf/1801/1801.04565v1.pdf,http://export.arxiv.org/pdf/1801.04565v1.pdf
157,1801.07880,2018-01-24T07:11:22Z,2018-01-24T07:11:22Z,1,cs.OS,['cs.OS'],arxiv/pdf/1801/1801.07880v1.pdf,http://export.arxiv.org/pdf/1801.07880v1.pdf
158,1801.08873,2018-01-26T15:59:51Z,2018-01-26T15:59:51Z,1,cs.DC,"['cs.DC', 'cs.OS', 'cs.PF']",arxiv/pdf/1801/1801.08873v1.pdf,http://export.arxiv.org/pdf/1801.08873v1.pdf
159,1801.09250,2018-01-28T17:09:14Z,2019-08-20T18:53:28Z,3,cs.OS,"['cs.OS', 'cs.CR']",arxiv/pdf/1801/1801.09250v3.pdf,http://export.arxiv.org/pdf/1801.09250v3.pdf
160,1802.00673,2018-02-02T13:21:13Z,2018-02-02T13:21:13Z,1,cs.DC,"['cs.DC', 'cs.LG', 'cs.OS']",arxiv/pdf/1802/1802.00673v1.pdf,http://export.arxiv.org/pdf/1802.00673v1.pdf
161,1802.07062,2018-02-20T11:08:31Z,2018-11-29T22:55:38Z,2,cs.CR,"['cs.CR', 'cs.OS']",arxiv/pdf/1802/1802.07062v2.pdf,http://export.arxiv.org/pdf/1802.07062v2.pdf
162,1802.10376,2018-02-28T11:51:26Z,2018-02-28T11:51:26Z,1,cs.OS,"['cs.OS', 'cs.DC']",arxiv/pdf/1802/1802.10376v1.pdf,http://export.arxiv.org/pdf/1802.10376v1.pdf
163,1803.03951,2018-03-11T12:09:27Z,2018-03-11T12:09:27Z,1,cs.CR,"['cs.CR', 'cs.AR', 'cs.DC', 'cs.OS']",arxiv/pdf/1803/1803.03951v1.pdf,http://export.arxiv.org/pdf/1803.03951v1.pdf
164,1804.01226,2018-04-04T03:26:13Z,2018-04-04T03:26:13Z,1,cs.OS,['cs.OS'],arxiv/pdf/1804/1804.01226v1.pdf,http://export.arxiv.org/pdf/1804.01226v1.pdf
165,1806.01147,2018-06-04T14:29:41Z,2018-06-04T14:29:41Z,1,cs.OS,['cs.OS'],arxiv/pdf/1806/1806.01147v1.pdf,http://export.arxiv.org/pdf/1806.01147v1.pdf
166,1806.07480,2018-06-19T21:59:59Z,2018-06-19T21:59:59Z,1,cs.OS,"['cs.OS', 'cs.AR', 'cs.CR']",arxiv/pdf/1806/1806.07480v1.pdf,http://export.arxiv.org/pdf/1806.07480v1.pdf
167,1806.11431,2018-06-29T14:19:12Z,2018-06-29T14:19:12Z,1,cs.OS,['cs.OS'],arxiv/pdf/1806/1806.11431v1.pdf,http://export.arxiv.org/pdf/1806.11431v1.pdf
168,1808.05078,2018-08-02T21:21:50Z,2019-06-05T20:52:44Z,2,cs.CR,"['cs.CR', 'cs.DC', 'cs.OS']",arxiv/pdf/1808/1808.05078v2.pdf,http://export.arxiv.org/pdf/1808.05078v2.pdf
169,1808.06049,2018-08-18T06:39:03Z,2018-08-25T05:50:43Z,2,cs.CR,"['cs.CR', 'cs.OS']",arxiv/pdf/1808/1808.06049v2.pdf,http://export.arxiv.org/pdf/1808.06049v2.pdf
170,1808.06434,2018-08-20T13:15:56Z,2018-08-20T13:15:56Z,1,cs.NI,"['cs.NI', 'cs.OS']",arxiv/pdf/1808/1808.06434v1.pdf,http://export.arxiv.org/pdf/1808.06434v1.pdf
171,1808.10821,2018-08-30T15:20:56Z,2018-08-30T15:20:56Z,1,cs.OS,['cs.OS'],arxiv/pdf/1808/1808.10821v1.pdf,http://export.arxiv.org/pdf/1808.10821v1.pdf
172,1809.02892,2018-09-08T22:53:27Z,2018-09-08T22:53:27Z,1,cs.OS,['cs.OS'],arxiv/pdf/1809/1809.02892v1.pdf,http://export.arxiv.org/pdf/1809.02892v1.pdf
173,1809.07701,2018-09-17T12:17:01Z,2018-09-17T12:17:01Z,1,cs.DC,"['cs.DC', 'cs.NI', 'cs.OS', 'cs.PF']",arxiv/pdf/1809/1809.07701v1.pdf,http://export.arxiv.org/pdf/1809.07701v1.pdf
174,1810.01139,2018-10-02T09:44:32Z,2018-10-02T09:44:32Z,1,cs.OS,['cs.OS'],arxiv/pdf/1810/1810.01139v1.pdf,http://export.arxiv.org/pdf/1810.01139v1.pdf
175,1810.04603,2018-10-10T15:49:52Z,2018-10-10T15:49:52Z,1,cs.OS,['cs.OS'],arxiv/pdf/1810/1810.04603v1.pdf,http://export.arxiv.org/pdf/1810.04603v1.pdf
176,1810.05068,2018-10-11T15:05:44Z,2018-10-11T15:05:44Z,1,cs.OS,['cs.OS'],arxiv/pdf/1810/1810.05068v1.pdf,http://export.arxiv.org/pdf/1810.05068v1.pdf
177,1810.05345,2018-10-12T03:54:52Z,2018-10-15T23:38:53Z,2,cs.OS,['cs.OS'],arxiv/pdf/1810/1810.05345v2.pdf,http://export.arxiv.org/pdf/1810.05345v2.pdf
178,1810.05600,2018-10-12T16:42:49Z,2019-03-01T05:13:22Z,2,cs.OS,"['cs.OS', 'D.4.1; D.1.3']",arxiv/pdf/1810/1810.05600v2.pdf,http://export.arxiv.org/pdf/1810.05600v2.pdf
179,1811.00757,2018-11-02T07:11:52Z,2018-11-02T07:11:52Z,1,cs.OS,['cs.OS'],arxiv/pdf/1811/1811.00757v1.pdf,http://export.arxiv.org/pdf/1811.00757v1.pdf
180,1812.07723,2018-12-19T01:18:05Z,2018-12-19T01:18:05Z,1,cs.OS,"['cs.OS', 'cs.DC']",arxiv/pdf/1812/1812.07723v1.pdf,http://export.arxiv.org/pdf/1812.07723v1.pdf
181,1812.09822,2018-12-24T03:55:32Z,2019-08-29T04:53:09Z,5,cs.CR,"['cs.CR', 'cs.OS']",arxiv/pdf/1812/1812.09822v5.pdf,http://export.arxiv.org/pdf/1812.09822v5.pdf
182,1812.09920,2018-12-24T13:30:40Z,2018-12-24T13:30:40Z,1,cs.CR,"['cs.CR', 'cs.OS']",arxiv/pdf/1812/1812.09920v1.pdf,http://export.arxiv.org/pdf/1812.09920v1.pdf
183,1901.06360,2019-01-18T18:01:38Z,2019-01-18T18:01:38Z,1,cs.OS,['cs.OS'],arxiv/pdf/1901/1901.06360v1.pdf,http://export.arxiv.org/pdf/1901.06360v1.pdf
184,1901.07732,2019-01-23T05:41:42Z,2019-01-23T05:41:42Z,1,cs.OS,"['cs.OS', 'cs.CR']",arxiv/pdf/1901/1901.07732v1.pdf,http://export.arxiv.org/pdf/1901.07732v1.pdf
185,1901.08338,2019-01-24T10:44:31Z,2019-01-24T10:44:31Z,1,cs.OS,['cs.OS'],arxiv/pdf/1901/1901.08338v1.pdf,http://export.arxiv.org/pdf/1901.08338v1.pdf
186,1901.10664,2019-01-30T04:10:01Z,2019-09-08T15:33:45Z,2,cs.NI,"['cs.NI', 'cs.OS']",arxiv/pdf/1901/1901.10664v2.pdf,http://export.arxiv.org/pdf/1901.10664v2.pdf
187,1902.09493,2019-02-22T00:39:43Z,2019-02-22T00:39:43Z,1,cs.DC,"['cs.DC', 'cs.OS', 'cs.SY']",arxiv/pdf/1902/1902.09493v1.pdf,http://export.arxiv.org/pdf/1902.09493v1.pdf
188,1903.01950,2019-03-05T17:35:03Z,2019-11-20T21:28:47Z,2,cs.OS,['cs.OS'],arxiv/pdf/1903/1903.01950v2.pdf,http://export.arxiv.org/pdf/1903.01950v2.pdf
189,1903.04075,2019-03-10T23:34:14Z,2019-03-10T23:34:14Z,1,cs.OS,['cs.OS'],arxiv/pdf/1903/1903.04075v1.pdf,http://export.arxiv.org/pdf/1903.04075v1.pdf
190,1903.06889,2019-03-16T07:17:47Z,2019-03-16T07:17:47Z,1,cs.OS,['cs.OS'],arxiv/pdf/1903/1903.06889v1.pdf,http://export.arxiv.org/pdf/1903.06889v1.pdf
191,1903.09310,2019-03-22T13:08:13Z,2019-05-20T16:35:52Z,4,cs.OS,"['cs.OS', 'cs.DC']",arxiv/pdf/1903/1903.09310v4.pdf,http://export.arxiv.org/pdf/1903.09310v4.pdf
192,1904.05012,2019-04-10T06:15:28Z,2019-04-10T06:15:28Z,1,cs.CR,"['cs.CR', 'cs.OS']",arxiv/pdf/1904/1904.05012v1.pdf,http://export.arxiv.org/pdf/1904.05012v1.pdf
193,1904.05572,2019-04-11T08:20:07Z,2020-12-14T19:15:42Z,2,cs.CR,"['cs.CR', 'cs.OS']",arxiv/pdf/1904/1904.05572v2.pdf,http://export.arxiv.org/pdf/1904.05572v2.pdf
194,1904.11560,2019-04-25T19:57:31Z,2019-04-25T19:57:31Z,1,cs.AR,"['cs.AR', 'cs.OS']",arxiv/pdf/1904/1904.11560v1.pdf,http://export.arxiv.org/pdf/1904.11560v1.pdf
195,1905.02529,2019-05-07T13:09:32Z,2019-05-07T13:09:32Z,1,cs.PL,"['cs.PL', 'cs.OS']",arxiv/pdf/1905/1905.02529v1.pdf,http://export.arxiv.org/pdf/1905.02529v1.pdf
196,1905.05975,2019-05-15T06:54:55Z,2019-05-15T06:54:55Z,1,cs.CR,"['cs.CR', 'cs.OS']",arxiv/pdf/1905/1905.05975v1.pdf,http://export.arxiv.org/pdf/1905.05975v1.pdf
197,1905.08192,2019-05-20T16:16:17Z,2019-05-20T16:16:17Z,1,cs.CR,"['cs.CR', 'cs.OS', 'cs.SE']",arxiv/pdf/1905/1905.08192v1.pdf,http://export.arxiv.org/pdf/1905.08192v1.pdf
198,1905.09543,2019-05-23T08:57:45Z,2019-05-23T08:57:45Z,1,cs.CR,"['cs.CR', 'cs.OS']",arxiv/pdf/1905/1905.09543v1.pdf,http://export.arxiv.org/pdf/1905.09543v1.pdf
199,1905.10141,2019-05-24T10:49:49Z,2019-05-24T10:49:49Z,1,cs.CR,"['cs.CR', 'cs.HC', 'cs.OS']",arxiv/pdf/1905/1905.10141v1.pdf,http://export.arxiv.org/pdf/1905.10141v1.pdf
200,1905.10818,2019-05-26T15:38:30Z,2019-07-11T23:15:30Z,2,cs.OS,['cs.OS'],arxiv/pdf/1905/1905.10818v2.pdf,http://export.arxiv.org/pdf/1905.10818v2.pdf
201,1905.11788,2019-05-28T13:09:06Z,2019-05-28T13:09:06Z,1,cs.NI,"['cs.NI', 'cs.OS']",arxiv/pdf/1905/1905.11788v1.pdf,http://export.arxiv.org/pdf/1905.11788v1.pdf
202,1906.03724,2019-06-09T22:15:19Z,2019-06-09T22:15:19Z,1,cs.LG,"['cs.LG', 'cs.OS']",arxiv/pdf/1906/1906.03724v1.pdf,http://export.arxiv.org/pdf/1906.03724v1.pdf
203,1906.09799,2019-06-24T09:11:18Z,2019-06-26T15:24:10Z,2,cs.OS,"['cs.OS', 'cs.PF']",arxiv/pdf/1906/1906.09799v2.pdf,http://export.arxiv.org/pdf/1906.09799v2.pdf
204,1907.00271,2019-06-29T19:59:21Z,2019-06-29T19:59:21Z,1,cs.OS,"['cs.OS', 'cs.AR']",arxiv/pdf/1907/1907.00271v1.pdf,http://export.arxiv.org/pdf/1907.00271v1.pdf
205,1907.10119,2019-07-23T20:24:19Z,2019-09-07T05:54:07Z,2,cs.CR,"['cs.CR', 'cs.OS']",arxiv/pdf/1907/1907.10119v2.pdf,http://export.arxiv.org/pdf/1907.10119v2.pdf
206,1907.13245,2019-07-30T22:07:59Z,2020-06-18T01:55:53Z,2,cs.CR,"['cs.CR', 'cs.OS']",arxiv/pdf/1907/1907.13245v2.pdf,http://export.arxiv.org/pdf/1907.13245v2.pdf
207,1908.03638,2019-08-09T21:33:33Z,2019-08-09T21:33:33Z,1,cs.CR,"['cs.CR', 'cs.OS']",arxiv/pdf/1908/1908.03638v1.pdf,http://export.arxiv.org/pdf/1908.03638v1.pdf
208,1908.06211,2019-08-17T00:24:07Z,2021-05-31T15:53:06Z,2,cs.OS,"['cs.OS', 'C.3; D.4.7; D.4.1']",arxiv/pdf/1908/1908.06211v2.pdf,http://export.arxiv.org/pdf/1908.06211v2.pdf
209,1908.06807,2019-08-19T13:55:44Z,2020-03-23T20:52:02Z,2,cs.OS,"['cs.OS', 'D.4.0; D.4.7; D.4.4']",arxiv/pdf/1908/1908.06807v2.pdf,http://export.arxiv.org/pdf/1908.06807v2.pdf
210,1908.07159,2019-08-20T04:22:58Z,2019-08-20T04:22:58Z,1,cs.CR,"['cs.CR', 'cs.OS']",arxiv/pdf/1908/1908.07159v1.pdf,http://export.arxiv.org/pdf/1908.07159v1.pdf
211,1908.08707,2019-08-23T08:00:38Z,2019-08-23T08:00:38Z,1,cs.OS,['cs.OS'],arxiv/pdf/1908/1908.08707v1.pdf,http://export.arxiv.org/pdf/1908.08707v1.pdf
212,1908.11143,2019-08-29T10:25:37Z,2020-01-20T12:10:51Z,3,cs.OS,"['cs.OS', 'cs.CR']",arxiv/pdf/1908/1908.11143v3.pdf,http://export.arxiv.org/pdf/1908.11143v3.pdf
213,1908.11648,2019-08-30T10:53:00Z,2019-12-26T05:58:49Z,3,cs.OS,['cs.OS'],arxiv/pdf/1908/1908.11648v3.pdf,http://export.arxiv.org/pdf/1908.11648v3.pdf
214,1909.00805,2019-09-02T17:28:05Z,2019-09-02T17:28:05Z,1,cs.CY,"['cs.CY', 'cs.OS', 'cs.SE']",arxiv/pdf/1909/1909.00805v1.pdf,http://export.arxiv.org/pdf/1909.00805v1.pdf
215,1909.05349,2019-09-11T20:47:58Z,2021-06-27T23:34:25Z,2,cs.DC,"['cs.DC', 'cs.OS', 'C.0; C.3; C.4; D.4.7; J.7']",arxiv/pdf/1909/1909.05349v2.pdf,http://export.arxiv.org/pdf/1909.05349v2.pdf
216,1909.09294,2019-09-20T02:08:24Z,2019-09-20T02:08:24Z,1,cs.CR,"['cs.CR', 'cs.OS']",arxiv/pdf/1909/1909.09294v1.pdf,http://export.arxiv.org/pdf/1909.09294v1.pdf
217,1909.09600,2019-09-20T16:26:25Z,2019-09-20T16:26:25Z,1,cs.DC,"['cs.DC', 'cs.OS']",arxiv/pdf/1909/1909.09600v1.pdf,http://export.arxiv.org/pdf/1909.09600v1.pdf
218,1909.10377,2019-09-23T14:10:16Z,2019-09-23T14:10:16Z,1,cs.OS,['cs.OS'],arxiv/pdf/1909/1909.10377v1.pdf,http://export.arxiv.org/pdf/1909.10377v1.pdf
219,1909.11644,2019-09-25T17:44:55Z,2019-10-01T18:15:48Z,2,cs.OS,['cs.OS'],arxiv/pdf/1909/1909.11644v2.pdf,http://export.arxiv.org/pdf/1909.11644v2.pdf
220,1910.01642,2019-10-03T09:28:35Z,2019-10-03T09:28:35Z,1,cs.OS,['cs.OS'],arxiv/pdf/1910/1910.01642v1.pdf,http://export.arxiv.org/pdf/1910.01642v1.pdf
221,1910.05106,2019-10-07T02:13:19Z,2020-06-02T02:54:13Z,2,cs.DC,"['cs.DC', 'cs.OS']",arxiv/pdf/1910/1910.05106v2.pdf,http://export.arxiv.org/pdf/1910.05106v2.pdf
222,1910.04949,2019-10-11T02:45:20Z,2019-10-11T02:45:20Z,1,cs.OS,['cs.OS'],arxiv/pdf/1910/1910.04949v1.pdf,http://export.arxiv.org/pdf/1910.04949v1.pdf
223,1910.09277,2019-10-21T11:59:01Z,2019-10-21T11:59:01Z,1,cs.OS,"['cs.OS', 'cs.CR', 'cs.PF']",arxiv/pdf/1910/1910.09277v1.pdf,http://export.arxiv.org/pdf/1910.09277v1.pdf
224,1910.14546,2019-10-31T15:47:35Z,2019-10-31T15:47:35Z,1,cs.PF,"['cs.PF', 'cs.OS']",arxiv/pdf/1910/1910.14546v1.pdf,http://export.arxiv.org/pdf/1910.14546v1.pdf
225,1911.08367,2019-11-19T15:56:46Z,2019-11-19T15:56:46Z,1,cs.OS,['cs.OS'],arxiv/pdf/1911/1911.08367v1.pdf,http://export.arxiv.org/pdf/1911.08367v1.pdf
226,1911.08773,2019-11-20T08:57:09Z,2019-11-20T08:57:09Z,1,cs.OS,['cs.OS'],arxiv/pdf/1911/1911.08773v1.pdf,http://export.arxiv.org/pdf/1911.08773v1.pdf
227,1911.09829,2019-11-22T03:29:52Z,2019-11-22T03:29:52Z,1,cs.DC,"['cs.DC', 'cs.OS']",arxiv/pdf/1911/1911.09829v1.pdf,http://export.arxiv.org/pdf/1911.09829v1.pdf
228,1911.11937,2019-11-27T03:52:34Z,2020-03-14T14:58:13Z,2,cs.OS,"['cs.OS', 'cs.CR']",arxiv/pdf/1911/1911.11937v2.pdf,http://export.arxiv.org/pdf/1911.11937v2.pdf
229,1912.00580,2019-12-02T05:05:39Z,2019-12-02T05:05:39Z,1,cs.DB,"['cs.DB', 'cs.OS']",arxiv/pdf/1912/1912.00580v1.pdf,http://export.arxiv.org/pdf/1912.00580v1.pdf
230,1912.03490,2019-12-07T11:44:37Z,2019-12-07T11:44:37Z,1,cs.SE,"['cs.SE', 'cs.OS']",arxiv/pdf/1912/1912.03490v1.pdf,http://export.arxiv.org/pdf/1912.03490v1.pdf
231,1912.03923,2019-12-09T09:39:31Z,2019-12-09T09:39:31Z,1,cs.DC,"['cs.DC', 'cs.OS']",arxiv/pdf/1912/1912.03923v1.pdf,http://export.arxiv.org/pdf/1912.03923v1.pdf
232,1912.06863,2019-12-14T15:17:00Z,2019-12-14T15:17:00Z,1,cs.CR,"['cs.CR', 'cs.OS']",arxiv/pdf/1912/1912.06863v1.pdf,http://export.arxiv.org/pdf/1912.06863v1.pdf
233,1912.10367,2019-12-22T00:58:54Z,2020-06-12T09:57:12Z,2,cs.CR,"['cs.CR', 'cs.DC', 'cs.OS']",arxiv/pdf/1912/1912.10367v2.pdf,http://export.arxiv.org/pdf/1912.10367v2.pdf
234,1912.10666,2019-12-23T07:58:04Z,2020-10-12T06:33:43Z,2,cs.CR,"['cs.CR', 'cs.OS']",arxiv/pdf/1912/1912.10666v2.pdf,http://export.arxiv.org/pdf/1912.10666v2.pdf
235,2001.01442,2020-01-06T09:04:59Z,2020-01-06T09:04:59Z,1,cs.SE,"['cs.SE', 'cs.OS']",arxiv/pdf/2001/2001.01442v1.pdf,http://export.arxiv.org/pdf/2001.01442v1.pdf
236,2001.04698,2020-01-14T10:19:15Z,2020-01-14T10:19:15Z,1,cs.OS,"['cs.OS', 'cs.DS']",arxiv/pdf/2001/2001.04698v1.pdf,http://export.arxiv.org/pdf/2001.04698v1.pdf
237,2001.07450,2020-01-21T11:42:17Z,2020-01-21T11:42:17Z,1,cs.OS,"['cs.OS', 'cs.AR', 'cs.CR']",arxiv/pdf/2001/2001.07450v1.pdf,http://export.arxiv.org/pdf/2001.07450v1.pdf
238,2001.09991,2020-01-26T16:24:08Z,2020-01-26T16:24:08Z,1,cs.DC,"['cs.DC', 'cs.OS']",arxiv/pdf/2001/2001.09991v1.pdf,http://export.arxiv.org/pdf/2001.09991v1.pdf
239,2002.06512,2020-02-16T05:51:41Z,2020-08-13T18:00:46Z,3,cs.CR,"['cs.CR', 'cs.OS']",arxiv/pdf/2002/2002.06512v3.pdf,http://export.arxiv.org/pdf/2002.06512v3.pdf
240,2002.11528,2020-02-25T13:43:53Z,2020-02-25T13:43:53Z,1,cs.DC,"['cs.DC', 'cs.OS']",arxiv/pdf/2002/2002.11528v1.pdf,http://export.arxiv.org/pdf/2002.11528v1.pdf
241,2002.12516,2020-02-28T02:37:26Z,2020-02-28T02:37:26Z,1,cs.DC,"['cs.DC', 'cs.OS']",arxiv/pdf/2002/2002.12516v1.pdf,http://export.arxiv.org/pdf/2002.12516v1.pdf
242,2003.05442,2020-03-11T03:32:55Z,2020-03-11T03:32:55Z,1,cs.OS,['cs.OS'],arxiv/pdf/2003/2003.05442v1.pdf,http://export.arxiv.org/pdf/2003.05442v1.pdf
243,2003.08364,2020-03-11T04:03:40Z,2020-03-11T04:03:40Z,1,cs.DC,"['cs.DC', 'cs.OS']",arxiv/pdf/2003/2003.08364v1.pdf,http://export.arxiv.org/pdf/2003.08364v1.pdf
244,2003.05160,2020-03-11T08:38:34Z,2020-03-11T08:38:34Z,1,cs.OS,"['cs.OS', 'cs.SY', 'eess.SY']",arxiv/pdf/2003/2003.05160v1.pdf,http://export.arxiv.org/pdf/2003.05160v1.pdf
245,2003.05168,2020-03-11T08:58:29Z,2020-03-11T08:58:29Z,1,cs.OS,"['cs.OS', 'cs.SY', 'eess.SY']",arxiv/pdf/2003/2003.05168v1.pdf,http://export.arxiv.org/pdf/2003.05168v1.pdf
246,2003.07945,2020-03-17T21:09:24Z,2020-03-19T02:43:49Z,2,cs.DC,"['cs.DC', 'cs.OS']",arxiv/pdf/2003/2003.07945v2.pdf,http://export.arxiv.org/pdf/2003.07945v2.pdf
247,2004.02400,2020-04-06T04:39:58Z,2020-04-06T04:39:58Z,1,cs.OS,['cs.OS'],arxiv/pdf/2004/2004.02400v1.pdf,http://export.arxiv.org/pdf/2004.02400v1.pdf
248,2004.03244,2020-04-07T10:33:37Z,2020-04-08T17:05:35Z,2,cs.OS,"['cs.OS', 'cs.AR']",arxiv/pdf/2004/2004.03244v2.pdf,http://export.arxiv.org/pdf/2004.03244v2.pdf
249,2004.04846,2020-04-09T23:07:44Z,2020-04-09T23:07:44Z,1,cs.OS,['cs.OS'],arxiv/pdf/2004/2004.04846v1.pdf,http://export.arxiv.org/pdf/2004.04846v1.pdf
250,2004.05518,2020-04-12T01:25:04Z,2020-04-12T01:25:04Z,1,cs.AR,"['cs.AR', 'cs.OS']",arxiv/pdf/2004/2004.05518v1.pdf,http://export.arxiv.org/pdf/2004.05518v1.pdf
251,2004.05524,2020-04-12T01:59:20Z,2020-04-12T01:59:20Z,1,cs.OS,['cs.OS'],arxiv/pdf/2004/2004.05524v1.pdf,http://export.arxiv.org/pdf/2004.05524v1.pdf
252,2004.09252,2020-04-20T13:03:14Z,2020-04-20T13:03:14Z,1,cs.CR,"['cs.CR', 'cs.OS', 'D.4.6; K.6.5']",arxiv/pdf/2004/2004.09252v1.pdf,http://export.arxiv.org/pdf/2004.09252v1.pdf
253,2005.00323,2020-05-01T11:57:22Z,2021-03-11T19:49:06Z,2,cs.CR,"['cs.CR', 'cs.OS', 'cs.SE']",arxiv/pdf/2005/2005.00323v2.pdf,http://export.arxiv.org/pdf/2005.00323v2.pdf
254,2005.04750,2020-05-10T18:53:02Z,2020-05-10T18:53:02Z,1,cs.AR,"['cs.AR', 'cs.OS']",arxiv/pdf/2005/2005.04750v1.pdf,http://export.arxiv.org/pdf/2005.04750v1.pdf
255,2005.09723,2020-05-19T19:46:01Z,2021-02-08T20:07:02Z,3,cs.OS,['cs.OS'],arxiv/pdf/2005/2005.09723v3.pdf,http://export.arxiv.org/pdf/2005.09723v3.pdf
256,2005.10333,2020-05-20T19:54:38Z,2021-04-22T08:57:18Z,2,cs.CR,"['cs.CR', 'cs.AR', 'cs.OS']",arxiv/pdf/2005/2005.10333v2.pdf,http://export.arxiv.org/pdf/2005.10333v2.pdf
257,2005.12821,2020-05-26T15:56:06Z,2020-05-26T15:56:06Z,1,cs.OS,"['cs.OS', 'cs.DC']",arxiv/pdf/2005/2005.12821v1.pdf,http://export.arxiv.org/pdf/2005.12821v1.pdf
258,2006.07086,2020-06-12T11:18:04Z,2020-08-03T06:04:27Z,2,cs.DC,"['cs.DC', 'cs.DS', 'cs.OS']",arxiv/pdf/2006/2006.07086v2.pdf,http://export.arxiv.org/pdf/2006.07086v2.pdf
259,2006.08966,2020-06-16T07:45:22Z,2020-06-22T13:11:11Z,2,cs.OS,['cs.OS'],arxiv/pdf/2006/2006.08966v2.pdf,http://export.arxiv.org/pdf/2006.08966v2.pdf
260,2007.00706,2020-07-01T19:13:26Z,2020-07-01T19:13:26Z,1,cs.OS,['cs.OS'],arxiv/pdf/2007/2007.00706v1.pdf,http://export.arxiv.org/pdf/2007.00706v1.pdf
261,2007.08302,2020-07-16T12:43:15Z,2020-07-16T12:43:15Z,1,cs.OS,['cs.OS'],arxiv/pdf/2007/2007.08302v1.pdf,http://export.arxiv.org/pdf/2007.08302v1.pdf
262,2007.11112,2020-07-21T22:01:00Z,2020-07-21T22:01:00Z,1,cs.OS,"['cs.OS', 'cs.AR', 'cs.DB', 'cs.DC', 'cs.NI']",arxiv/pdf/2007/2007.11112v1.pdf,http://export.arxiv.org/pdf/2007.11112v1.pdf
263,2007.12112,2020-07-23T16:33:23Z,2020-07-23T16:33:23Z,1,cs.OS,"['cs.OS', 'C.4']",arxiv/pdf/2007/2007.12112v1.pdf,http://export.arxiv.org/pdf/2007.12112v1.pdf
264,2008.03563,2020-08-08T17:41:15Z,2020-08-08T17:41:15Z,1,cs.OS,['cs.OS'],arxiv/pdf/2008/2008.03563v1.pdf,http://export.arxiv.org/pdf/2008.03563v1.pdf
265,2008.06536,2020-08-14T18:35:38Z,2020-08-14T18:35:38Z,1,cs.CR,"['cs.CR', 'cs.OS']",arxiv/pdf/2008/2008.06536v1.pdf,http://export.arxiv.org/pdf/2008.06536v1.pdf
266,2008.12501,2020-08-28T06:52:41Z,2020-08-28T06:52:41Z,1,cs.PF,"['cs.PF', 'cs.AR', 'cs.OS']",arxiv/pdf/2008/2008.12501v1.pdf,http://export.arxiv.org/pdf/2008.12501v1.pdf
267,2009.01869,2020-09-03T18:30:02Z,2020-11-23T14:19:30Z,3,cs.CR,"['cs.CR', 'cs.OS']",arxiv/pdf/2009/2009.01869v3.pdf,http://export.arxiv.org/pdf/2009.01869v3.pdf
268,2009.02737,2020-09-06T13:56:40Z,2020-09-06T13:56:40Z,1,cs.OS,"['cs.OS', 'D.4; D.4.6']",arxiv/pdf/2009/2009.02737v1.pdf,http://export.arxiv.org/pdf/2009.02737v1.pdf
269,2009.06988,2020-09-15T11:15:25Z,2020-10-23T12:21:28Z,2,cs.OS,"['cs.OS', 'cs.DC', 'cs.NI']",arxiv/pdf/2009/2009.06988v2.pdf,http://export.arxiv.org/pdf/2009.06988v2.pdf
270,2009.09845,2020-09-16T08:16:27Z,2020-09-16T08:16:27Z,1,cs.DC,"['cs.DC', 'cs.OS']",arxiv/pdf/2009/2009.09845v1.pdf,http://export.arxiv.org/pdf/2009.09845v1.pdf
271,2010.08741,2020-10-17T08:34:08Z,2020-10-17T08:34:08Z,1,cs.OS,['cs.OS'],arxiv/pdf/2010/2010.08741v1.pdf,http://export.arxiv.org/pdf/2010.08741v1.pdf
272,2010.12400,2020-10-23T13:43:45Z,2020-10-23T13:43:45Z,1,cs.CR,"['cs.CR', 'cs.OS']",arxiv/pdf/2010/2010.12400v1.pdf,http://export.arxiv.org/pdf/2010.12400v1.pdf
273,2011.02455,2020-11-03T17:40:36Z,2021-05-20T15:45:04Z,3,cs.DC,"['cs.DC', 'cs.OS', 'cs.SE']",arxiv/pdf/2011/2011.02455v3.pdf,http://export.arxiv.org/pdf/2011.02455v3.pdf
274,2011.07160,2020-11-13T22:55:15Z,2020-11-13T22:55:15Z,1,cs.PF,"['cs.PF', 'cs.AI', 'cs.LG', 'cs.OS']",arxiv/pdf/2011/2011.07160v1.pdf,http://export.arxiv.org/pdf/2011.07160v1.pdf
275,2011.13432,2020-11-26T18:39:55Z,2020-11-26T18:39:55Z,1,cs.OS,"['cs.OS', 'D.4.8']",arxiv/pdf/2011/2011.13432v1.pdf,http://export.arxiv.org/pdf/2011.13432v1.pdf
276,2011.15065,2020-11-30T18:03:28Z,2021-05-21T21:47:51Z,2,cs.CR,"['cs.CR', 'cs.OS']",arxiv/pdf/2011/2011.15065v2.pdf,http://export.arxiv.org/pdf/2011.15065v2.pdf
277,2012.07917,2020-12-14T20:02:26Z,2020-12-14T20:02:26Z,1,cs.CR,"['cs.CR', 'cs.OS', 'D.2.4; D.4.3; D.4.5; D.4.6']",arxiv/pdf/2012/2012.07917v1.pdf,http://export.arxiv.org/pdf/2012.07917v1.pdf
278,2012.14219,2020-12-28T13:03:04Z,2021-10-04T11:57:05Z,2,cs.DC,"['cs.DC', 'cs.NI', 'cs.OS']",arxiv/pdf/2012/2012.14219v2.pdf,http://export.arxiv.org/pdf/2012.14219v2.pdf
279,2101.08744,2021-01-14T21:38:57Z,2021-09-01T14:53:54Z,3,cs.AR,"['cs.AR', 'cs.OS']",arxiv/pdf/2101/2101.08744v3.pdf,http://export.arxiv.org/pdf/2101.08744v3.pdf
280,2101.08877,2021-01-21T22:54:21Z,2021-01-21T22:54:21Z,1,cs.AR,"['cs.AR', 'cs.OS', 'cs.PF']",arxiv/pdf/2101/2101.08877v1.pdf,http://export.arxiv.org/pdf/2101.08877v1.pdf
281,2102.12892,2021-02-04T21:56:28Z,2021-02-04T21:56:28Z,1,cs.CR,"['cs.CR', 'cs.DC', 'cs.OS']",arxiv/pdf/2102/2102.12892v1.pdf,http://export.arxiv.org/pdf/2102.12892v1.pdf
282,2102.06972,2021-02-13T18:12:34Z,2021-02-13T18:12:34Z,1,cs.CR,"['cs.CR', 'cs.OS']",arxiv/pdf/2102/2102.06972v1.pdf,http://export.arxiv.org/pdf/2102.06972v1.pdf
283,2102.10269,2021-02-20T06:20:33Z,2021-02-20T06:20:33Z,1,cs.CR,"['cs.CR', 'cs.OS', 'cs.SE']",arxiv/pdf/2102/2102.10269v1.pdf,http://export.arxiv.org/pdf/2102.10269v1.pdf
284,2102.11198,2021-02-22T17:24:08Z,2021-02-22T17:24:08Z,1,cs.DC,"['cs.DC', 'cs.OS', 'cs.PF']",arxiv/pdf/2102/2102.11198v1.pdf,http://export.arxiv.org/pdf/2102.11198v1.pdf
285,2102.12922,2021-02-25T15:22:38Z,2021-02-25T15:22:38Z,1,cs.OS,"['cs.OS', 'cs.DB']",arxiv/pdf/2102/2102.12922v1.pdf,http://export.arxiv.org/pdf/2102.12922v1.pdf
286,2103.10779,2021-03-16T08:46:59Z,2021-03-16T08:46:59Z,1,cs.DC,"['cs.DC', 'cs.OS', 'cs.PF']",arxiv/pdf/2103/2103.10779v1.pdf,http://export.arxiv.org/pdf/2103.10779v1.pdf
287,2104.04528,2021-04-09T13:16:06Z,2021-04-09T13:16:06Z,1,cs.CR,"['cs.CR', 'cs.OS']",arxiv/pdf/2104/2104.04528v1.pdf,http://export.arxiv.org/pdf/2104.04528v1.pdf
288,2104.05456,2021-04-12T13:23:58Z,2021-04-12T13:23:58Z,1,cs.CY,"['cs.CY', 'cs.HC', 'cs.OS']",arxiv/pdf/2104/2104.05456v1.pdf,http://export.arxiv.org/pdf/2104.05456v1.pdf
289,2104.06366,2021-04-13T17:23:21Z,2021-04-13T17:23:21Z,1,cs.OS,['cs.OS'],arxiv/pdf/2104/2104.06366v1.pdf,http://export.arxiv.org/pdf/2104.06366v1.pdf
290,2104.14354,2021-04-28T15:46:02Z,2021-10-12T01:19:49Z,3,cs.OS,"['cs.OS', 'cs.DC']",arxiv/pdf/2104/2104.14354v3.pdf,http://export.arxiv.org/pdf/2104.14354v3.pdf
291,2104.14862,2021-04-30T09:37:14Z,2021-04-30T09:37:14Z,1,cs.CR,"['cs.CR', 'cs.OS']",arxiv/pdf/2104/2104.14862v1.pdf,http://export.arxiv.org/pdf/2104.14862v1.pdf
292,2105.05590,2021-05-12T11:09:47Z,2021-05-18T10:40:07Z,2,cs.RO,"['cs.RO', 'cs.OS']",arxiv/pdf/2105/2105.05590v2.pdf,http://export.arxiv.org/pdf/2105.05590v2.pdf
293,2105.10397,2021-05-14T14:08:10Z,2021-09-03T12:47:12Z,2,cs.DC,"['cs.DC', 'cs.AR', 'cs.OS', '68M20', 'D.4.2; D.4.3; D.4.8']",arxiv/pdf/2105/2105.10397v2.pdf,http://export.arxiv.org/pdf/2105.10397v2.pdf
294,2105.13894,2021-05-28T14:57:49Z,2021-05-28T14:57:49Z,1,cs.DC,"['cs.DC', 'cs.OS', 'cs.PF']",arxiv/pdf/2105/2105.13894v1.pdf,http://export.arxiv.org/pdf/2105.13894v1.pdf
295,2106.04514,2021-06-05T14:06:20Z,2021-06-05T14:06:20Z,1,cs.DC,"['cs.DC', 'cs.OS']",arxiv/pdf/2106/2106.04514v1.pdf,http://export.arxiv.org/pdf/2106.04514v1.pdf
296,2106.03617,2021-06-07T13:43:05Z,2021-08-12T22:35:55Z,3,cs.DC,"['cs.DC', 'cs.OS']",arxiv/pdf/2106/2106.03617v3.pdf,http://export.arxiv.org/pdf/2106.03617v3.pdf
297,2106.12553,2021-06-10T10:54:29Z,2021-11-03T16:56:49Z,2,cs.SE,"['cs.SE', 'cs.NI', 'cs.OS']",arxiv/pdf/2106/2106.12553v2.pdf,http://export.arxiv.org/pdf/2106.12553v2.pdf
298,2106.06065,2021-06-10T21:56:49Z,2021-06-10T21:56:49Z,1,cs.CR,"['cs.CR', 'cs.OS']",arxiv/pdf/2106/2106.06065v1.pdf,http://export.arxiv.org/pdf/2106.06065v1.pdf
299,2106.14651,2021-06-23T23:44:27Z,2021-06-23T23:44:27Z,1,cs.OS,"['cs.OS', 'cs.CR']",arxiv/pdf/2106/2106.14651v1.pdf,http://export.arxiv.org/pdf/2106.14651v1.pdf
300,2107.07255,2021-07-15T11:26:31Z,2021-07-15T11:26:31Z,1,eess.SY,"['eess.SY', 'cs.OS', 'cs.SE', 'cs.SY', 'B.8.1; D.2.5; C.3; D.4']",arxiv/pdf/2107/2107.07255v1.pdf,http://export.arxiv.org/pdf/2107.07255v1.pdf
301,2108.04183,2021-08-09T17:12:10Z,2021-08-09T17:12:10Z,1,cs.CR,"['cs.CR', 'cs.OS']",arxiv/pdf/2108/2108.04183v1.pdf,http://export.arxiv.org/pdf/2108.04183v1.pdf
302,2110.06253,2021-10-12T18:08:38Z,2021-10-12T18:08:38Z,1,cs.CR,"['cs.CR', 'cs.OS', 'cs.SE']",arxiv/pdf/2110/2110.06253v1.pdf,http://export.arxiv.org/pdf/2110.06253v1.pdf
303,2110.08303,2021-10-15T18:22:10Z,2021-10-15T18:22:10Z,1,cs.OS,"['cs.OS', 'cs.CR']",arxiv/pdf/2110/2110.08303v1.pdf,http://export.arxiv.org/pdf/2110.08303v1.pdf
304,2111.02821,2021-11-03T16:34:07Z,2021-11-03T16:34:07Z,1,cs.CR,"['cs.CR', 'cs.OS']",arxiv/pdf/2111/2111.02821v1.pdf,http://export.arxiv.org/pdf/2111.02821v1.pdf
305,2111.03065,2021-11-04T19:39:11Z,2021-11-04T19:39:11Z,1,cs.DC,"['cs.DC', 'cs.CR', 'cs.OS']",arxiv/pdf/2111/2111.03065v1.pdf,http://export.arxiv.org/pdf/2111.03065v1.pdf
